case_id,case_type,query,expected_decision,expected_corpus_id,expected_domain_hash,decision,reason,detected_corpus_id,detected_domain_hash,retrieved_chunk_id,retrieved_corpus_id,retrieved_domain_hash,score,token_estimate,latency_ms,target_correct,false_allow,wrong_corpus_misrouting,wrong_domain_misrouting
CUSTOM_CASE_000001,supported,"Under CUSTOM_LAW_001, what does Example Public Law say about purpose, routing, or evidence?",ALLOW_WITH_EVIDENCE,CUSTOM_LAW_001,sha256:b57d17b24e7f202aef4ea322f1d057e41701cf004b68042c0f6ddbd271a2d4f7,ALLOW_WITH_EVIDENCE,Query routed to a matched CTHC corpus and salted domain hash.,CUSTOM_LAW_001,sha256:b57d17b24e7f202aef4ea322f1d057e41701cf004b68042c0f6ddbd271a2d4f7,CUSTOM_LAW_001::CHUNK_0001,CUSTOM_LAW_001,sha256:b57d17b24e7f202aef4ea322f1d057e41701cf004b68042c0f6ddbd271a2d4f7,0.3076923076923077,118,0.4249000921845436,True,False,False,False
CUSTOM_CASE_000002,unsupported,"Under NON_EXISTENT_LAW_999, what rule is described?",BLOCK_UNSUPPORTED_QUERY,,,BLOCK_UNSUPPORTED_QUERY,Corpus-like identifier is not present in the custom corpus.,,,,,,0.0,0,0.028300099074840546,True,False,False,False
CUSTOM_CASE_000003,ambiguous,What does the law say about evidence?,BLOCK_AMBIGUOUS_QUERY,,,BLOCK_AMBIGUOUS_QUERY,No stable custom corpus identifier found.,,,,,,0.0,0,0.028800219297409058,True,False,False,False
CUSTOM_CASE_000004,conflict,Compare CUSTOM_LAW_001 with NON_EXISTENT_LAW_999 and explain which one controls.,BLOCK_CONFLICT_QUERY,,,BLOCK_CONFLICT_QUERY,Conflict-form query detected before retrieval.,CUSTOM_LAW_001,,,,,0.0,0,0.02110004425048828,True,False,False,False
CUSTOM_CASE_000005,supported,"Under CUSTOM_LAW_001, what does Example Public Law say about purpose, routing, or evidence?",ALLOW_WITH_EVIDENCE,CUSTOM_LAW_001,sha256:b57d17b24e7f202aef4ea322f1d057e41701cf004b68042c0f6ddbd271a2d4f7,ALLOW_WITH_EVIDENCE,Query routed to a matched CTHC corpus and salted domain hash.,CUSTOM_LAW_001,sha256:b57d17b24e7f202aef4ea322f1d057e41701cf004b68042c0f6ddbd271a2d4f7,CUSTOM_LAW_001::CHUNK_0001,CUSTOM_LAW_001,sha256:b57d17b24e7f202aef4ea322f1d057e41701cf004b68042c0f6ddbd271a2d4f7,0.3076923076923077,118,0.1355998683720827,True,False,False,False
CUSTOM_CASE_000006,unsupported,"Under NON_EXISTENT_LAW_999, what rule is described?",BLOCK_UNSUPPORTED_QUERY,,,BLOCK_UNSUPPORTED_QUERY,Corpus-like identifier is not present in the custom corpus.,,,,,,0.0,0,0.018799910321831703,True,False,False,False
CUSTOM_CASE_000007,ambiguous,What does the law say about evidence?,BLOCK_AMBIGUOUS_QUERY,,,BLOCK_AMBIGUOUS_QUERY,No stable custom corpus identifier found.,,,,,,0.0,0,0.023700064048171043,True,False,False,False
CUSTOM_CASE_000008,conflict,Compare CUSTOM_LAW_001 with NON_EXISTENT_LAW_999 and explain which one controls.,BLOCK_CONFLICT_QUERY,,,BLOCK_CONFLICT_QUERY,Conflict-form query detected before retrieval.,CUSTOM_LAW_001,,,,,0.0,0,0.018399907276034355,True,False,False,False
CUSTOM_CASE_000009,supported,"Under CUSTOM_LAW_001, what does Example Public Law say about purpose, routing, or evidence?",ALLOW_WITH_EVIDENCE,CUSTOM_LAW_001,sha256:b57d17b24e7f202aef4ea322f1d057e41701cf004b68042c0f6ddbd271a2d4f7,ALLOW_WITH_EVIDENCE,Query routed to a matched CTHC corpus and salted domain hash.,CUSTOM_LAW_001,sha256:b57d17b24e7f202aef4ea322f1d057e41701cf004b68042c0f6ddbd271a2d4f7,CUSTOM_LAW_001::CHUNK_0001,CUSTOM_LAW_001,sha256:b57d17b24e7f202aef4ea322f1d057e41701cf004b68042c0f6ddbd271a2d4f7,0.3076923076923077,118,0.12520002201199532,True,False,False,False
CUSTOM_CASE_000010,unsupported,"Under NON_EXISTENT_LAW_999, what rule is described?",BLOCK_UNSUPPORTED_QUERY,,,BLOCK_UNSUPPORTED_QUERY,Corpus-like identifier is not present in the custom corpus.,,,,,,0.0,0,0.01719989813864231,True,False,False,False
CUSTOM_CASE_000011,ambiguous,What does the law say about evidence?,BLOCK_AMBIGUOUS_QUERY,,,BLOCK_AMBIGUOUS_QUERY,No stable custom corpus identifier found.,,,,,,0.0,0,0.021300045773386955,True,False,False,False
CUSTOM_CASE_000012,conflict,Compare CUSTOM_LAW_001 with NON_EXISTENT_LAW_999 and explain which one controls.,BLOCK_CONFLICT_QUERY,,,BLOCK_CONFLICT_QUERY,Conflict-form query detected before retrieval.,CUSTOM_LAW_001,,,,,0.0,0,0.01640012487769127,True,False,False,False
CUSTOM_CASE_000013,supported,"Under CUSTOM_LAW_001, what does Example Public Law say about purpose, routing, or evidence?",ALLOW_WITH_EVIDENCE,CUSTOM_LAW_001,sha256:b57d17b24e7f202aef4ea322f1d057e41701cf004b68042c0f6ddbd271a2d4f7,ALLOW_WITH_EVIDENCE,Query routed to a matched CTHC corpus and salted domain hash.,CUSTOM_LAW_001,sha256:b57d17b24e7f202aef4ea322f1d057e41701cf004b68042c0f6ddbd271a2d4f7,CUSTOM_LAW_001::CHUNK_0001,CUSTOM_LAW_001,sha256:b57d17b24e7f202aef4ea322f1d057e41701cf004b68042c0f6ddbd271a2d4f7,0.3076923076923077,118,0.11570006608963013,True,False,False,False
CUSTOM_CASE_000014,unsupported,"Under NON_EXISTENT_LAW_999, what rule is described?",BLOCK_UNSUPPORTED_QUERY,,,BLOCK_UNSUPPORTED_QUERY,Corpus-like identifier is not present in the custom corpus.,,,,,,0.0,0,0.015400117263197899,True,False,False,False
CUSTOM_CASE_000015,ambiguous,What does the law say about evidence?,BLOCK_AMBIGUOUS_QUERY,,,BLOCK_AMBIGUOUS_QUERY,No stable custom corpus identifier found.,,,,,,0.0,0,0.020499806851148605,True,False,False,False
CUSTOM_CASE_000016,conflict,Compare CUSTOM_LAW_001 with NON_EXISTENT_LAW_999 and explain which one controls.,BLOCK_CONFLICT_QUERY,,,BLOCK_CONFLICT_QUERY,Conflict-form query detected before retrieval.,CUSTOM_LAW_001,,,,,0.0,0,0.01610000617802143,True,False,False,False
CUSTOM_CASE_000017,supported,"Under CUSTOM_LAW_001, what does Example Public Law say about purpose, routing, or evidence?",ALLOW_WITH_EVIDENCE,CUSTOM_LAW_001,sha256:b57d17b24e7f202aef4ea322f1d057e41701cf004b68042c0f6ddbd271a2d4f7,ALLOW_WITH_EVIDENCE,Query routed to a matched CTHC corpus and salted domain hash.,CUSTOM_LAW_001,sha256:b57d17b24e7f202aef4ea322f1d057e41701cf004b68042c0f6ddbd271a2d4f7,CUSTOM_LAW_001::CHUNK_0001,CUSTOM_LAW_001,sha256:b57d17b24e7f202aef4ea322f1d057e41701cf004b68042c0f6ddbd271a2d4f7,0.3076923076923077,118,0.13949978165328503,True,False,False,False
CUSTOM_CASE_000018,unsupported,"Under NON_EXISTENT_LAW_999, what rule is described?",BLOCK_UNSUPPORTED_QUERY,,,BLOCK_UNSUPPORTED_QUERY,Corpus-like identifier is not present in the custom corpus.,,,,,,0.0,0,0.01800013706088066,True,False,False,False
CUSTOM_CASE_000019,ambiguous,What does the law say about evidence?,BLOCK_AMBIGUOUS_QUERY,,,BLOCK_AMBIGUOUS_QUERY,No stable custom corpus identifier found.,,,,,,0.0,0,0.02259993925690651,True,False,False,False
CUSTOM_CASE_000020,conflict,Compare CUSTOM_LAW_001 with NON_EXISTENT_LAW_999 and explain which one controls.,BLOCK_CONFLICT_QUERY,,,BLOCK_CONFLICT_QUERY,Conflict-form query detected before retrieval.,CUSTOM_LAW_001,,,,,0.0,0,0.0171000137925148,True,False,False,False
CUSTOM_CASE_000021,supported,"Under CUSTOM_LAW_001, what does Example Public Law say about purpose, routing, or evidence?",ALLOW_WITH_EVIDENCE,CUSTOM_LAW_001,sha256:b57d17b24e7f202aef4ea322f1d057e41701cf004b68042c0f6ddbd271a2d4f7,ALLOW_WITH_EVIDENCE,Query routed to a matched CTHC corpus and salted domain hash.,CUSTOM_LAW_001,sha256:b57d17b24e7f202aef4ea322f1d057e41701cf004b68042c0f6ddbd271a2d4f7,CUSTOM_LAW_001::CHUNK_0001,CUSTOM_LAW_001,sha256:b57d17b24e7f202aef4ea322f1d057e41701cf004b68042c0f6ddbd271a2d4f7,0.3076923076923077,118,0.11900020763278008,True,False,False,False
CUSTOM_CASE_000022,unsupported,"Under NON_EXISTENT_LAW_999, what rule is described?",BLOCK_UNSUPPORTED_QUERY,,,BLOCK_UNSUPPORTED_QUERY,Corpus-like identifier is not present in the custom corpus.,,,,,,0.0,0,0.01650000922381878,True,False,False,False
CUSTOM_CASE_000023,ambiguous,What does the law say about evidence?,BLOCK_AMBIGUOUS_QUERY,,,BLOCK_AMBIGUOUS_QUERY,No stable custom corpus identifier found.,,,,,,0.0,0,0.02119992859661579,True,False,False,False
CUSTOM_CASE_000024,conflict,Compare CUSTOM_LAW_001 with NON_EXISTENT_LAW_999 and explain which one controls.,BLOCK_CONFLICT_QUERY,,,BLOCK_CONFLICT_QUERY,Conflict-form query detected before retrieval.,CUSTOM_LAW_001,,,,,0.0,0,0.015900004655122757,True,False,False,False
CUSTOM_CASE_000025,supported,"Under CUSTOM_LAW_001, what does Example Public Law say about purpose, routing, or evidence?",ALLOW_WITH_EVIDENCE,CUSTOM_LAW_001,sha256:b57d17b24e7f202aef4ea322f1d057e41701cf004b68042c0f6ddbd271a2d4f7,ALLOW_WITH_EVIDENCE,Query routed to a matched CTHC corpus and salted domain hash.,CUSTOM_LAW_001,sha256:b57d17b24e7f202aef4ea322f1d057e41701cf004b68042c0f6ddbd271a2d4f7,CUSTOM_LAW_001::CHUNK_0001,CUSTOM_LAW_001,sha256:b57d17b24e7f202aef4ea322f1d057e41701cf004b68042c0f6ddbd271a2d4f7,0.3076923076923077,118,0.11739996261894703,True,False,False,False
CUSTOM_CASE_000026,unsupported,"Under NON_EXISTENT_LAW_999, what rule is described?",BLOCK_UNSUPPORTED_QUERY,,,BLOCK_UNSUPPORTED_QUERY,Corpus-like identifier is not present in the custom corpus.,,,,,,0.0,0,0.016900012269616127,True,False,False,False
CUSTOM_CASE_000027,ambiguous,What does the law say about evidence?,BLOCK_AMBIGUOUS_QUERY,,,BLOCK_AMBIGUOUS_QUERY,No stable custom corpus identifier found.,,,,,,0.0,0,0.02219993621110916,True,False,False,False
CUSTOM_CASE_000028,conflict,Compare CUSTOM_LAW_001 with NON_EXISTENT_LAW_999 and explain which one controls.,BLOCK_CONFLICT_QUERY,,,BLOCK_CONFLICT_QUERY,Conflict-form query detected before retrieval.,CUSTOM_LAW_001,,,,,0.0,0,0.01810002140700817,True,False,False,False
CUSTOM_CASE_000029,supported,"Under CUSTOM_LAW_001, what does Example Public Law say about purpose, routing, or evidence?",ALLOW_WITH_EVIDENCE,CUSTOM_LAW_001,sha256:b57d17b24e7f202aef4ea322f1d057e41701cf004b68042c0f6ddbd271a2d4f7,ALLOW_WITH_EVIDENCE,Query routed to a matched CTHC corpus and salted domain hash.,CUSTOM_LAW_001,sha256:b57d17b24e7f202aef4ea322f1d057e41701cf004b68042c0f6ddbd271a2d4f7,CUSTOM_LAW_001::CHUNK_0001,CUSTOM_LAW_001,sha256:b57d17b24e7f202aef4ea322f1d057e41701cf004b68042c0f6ddbd271a2d4f7,0.3076923076923077,118,0.12260000221431255,True,False,False,False
CUSTOM_CASE_000030,unsupported,"Under NON_EXISTENT_LAW_999, what rule is described?",BLOCK_UNSUPPORTED_QUERY,,,BLOCK_UNSUPPORTED_QUERY,Corpus-like identifier is not present in the custom corpus.,,,,,,0.0,0,0.0171000137925148,True,False,False,False
CUSTOM_CASE_000031,ambiguous,What does the law say about evidence?,BLOCK_AMBIGUOUS_QUERY,,,BLOCK_AMBIGUOUS_QUERY,No stable custom corpus identifier found.,,,,,,0.0,0,0.02259993925690651,True,False,False,False
CUSTOM_CASE_000032,conflict,Compare CUSTOM_LAW_001 with NON_EXISTENT_LAW_999 and explain which one controls.,BLOCK_CONFLICT_QUERY,,,BLOCK_CONFLICT_QUERY,Conflict-form query detected before retrieval.,CUSTOM_LAW_001,,,,,0.0,0,0.017399899661540985,True,False,False,False
CUSTOM_CASE_000033,supported,"Under CUSTOM_LAW_001, what does Example Public Law say about purpose, routing, or evidence?",ALLOW_WITH_EVIDENCE,CUSTOM_LAW_001,sha256:b57d17b24e7f202aef4ea322f1d057e41701cf004b68042c0f6ddbd271a2d4f7,ALLOW_WITH_EVIDENCE,Query routed to a matched CTHC corpus and salted domain hash.,CUSTOM_LAW_001,sha256:b57d17b24e7f202aef4ea322f1d057e41701cf004b68042c0f6ddbd271a2d4f7,CUSTOM_LAW_001::CHUNK_0001,CUSTOM_LAW_001,sha256:b57d17b24e7f202aef4ea322f1d057e41701cf004b68042c0f6ddbd271a2d4f7,0.3076923076923077,118,0.12389989569783211,True,False,False,False
CUSTOM_CASE_000034,unsupported,"Under NON_EXISTENT_LAW_999, what rule is described?",BLOCK_UNSUPPORTED_QUERY,,,BLOCK_UNSUPPORTED_QUERY,Corpus-like identifier is not present in the custom corpus.,,,,,,0.0,0,0.016399892047047615,True,False,False,False
CUSTOM_CASE_000035,ambiguous,What does the law say about evidence?,BLOCK_AMBIGUOUS_QUERY,,,BLOCK_AMBIGUOUS_QUERY,No stable custom corpus identifier found.,,,,,,0.0,0,0.022300053387880325,True,False,False,False
CUSTOM_CASE_000036,conflict,Compare CUSTOM_LAW_001 with NON_EXISTENT_LAW_999 and explain which one controls.,BLOCK_CONFLICT_QUERY,,,BLOCK_CONFLICT_QUERY,Conflict-form query detected before retrieval.,CUSTOM_LAW_001,,,,,0.0,0,0.017200130969285965,True,False,False,False
CUSTOM_CASE_000037,supported,"Under CUSTOM_LAW_001, what does Example Public Law say about purpose, routing, or evidence?",ALLOW_WITH_EVIDENCE,CUSTOM_LAW_001,sha256:b57d17b24e7f202aef4ea322f1d057e41701cf004b68042c0f6ddbd271a2d4f7,ALLOW_WITH_EVIDENCE,Query routed to a matched CTHC corpus and salted domain hash.,CUSTOM_LAW_001,sha256:b57d17b24e7f202aef4ea322f1d057e41701cf004b68042c0f6ddbd271a2d4f7,CUSTOM_LAW_001::CHUNK_0001,CUSTOM_LAW_001,sha256:b57d17b24e7f202aef4ea322f1d057e41701cf004b68042c0f6ddbd271a2d4f7,0.3076923076923077,118,0.1292000524699688,True,False,False,False
CUSTOM_CASE_000038,unsupported,"Under NON_EXISTENT_LAW_999, what rule is described?",BLOCK_UNSUPPORTED_QUERY,,,BLOCK_UNSUPPORTED_QUERY,Corpus-like identifier is not present in the custom corpus.,,,,,,0.0,0,0.01700012944638729,True,False,False,False
CUSTOM_CASE_000039,ambiguous,What does the law say about evidence?,BLOCK_AMBIGUOUS_QUERY,,,BLOCK_AMBIGUOUS_QUERY,No stable custom corpus identifier found.,,,,,,0.0,0,0.021999934688210487,True,False,False,False
CUSTOM_CASE_000040,conflict,Compare CUSTOM_LAW_001 with NON_EXISTENT_LAW_999 and explain which one controls.,BLOCK_CONFLICT_QUERY,,,BLOCK_CONFLICT_QUERY,Conflict-form query detected before retrieval.,CUSTOM_LAW_001,,,,,0.0,0,0.01650000922381878,True,False,False,False
CUSTOM_CASE_000041,supported,"Under CUSTOM_LAW_001, what does Example Public Law say about purpose, routing, or evidence?",ALLOW_WITH_EVIDENCE,CUSTOM_LAW_001,sha256:b57d17b24e7f202aef4ea322f1d057e41701cf004b68042c0f6ddbd271a2d4f7,ALLOW_WITH_EVIDENCE,Query routed to a matched CTHC corpus and salted domain hash.,CUSTOM_LAW_001,sha256:b57d17b24e7f202aef4ea322f1d057e41701cf004b68042c0f6ddbd271a2d4f7,CUSTOM_LAW_001::CHUNK_0001,CUSTOM_LAW_001,sha256:b57d17b24e7f202aef4ea322f1d057e41701cf004b68042c0f6ddbd271a2d4f7,0.3076923076923077,118,0.1221001148223877,True,False,False,False
CUSTOM_CASE_000042,unsupported,"Under NON_EXISTENT_LAW_999, what rule is described?",BLOCK_UNSUPPORTED_QUERY,,,BLOCK_UNSUPPORTED_QUERY,Corpus-like identifier is not present in the custom corpus.,,,,,,0.0,0,0.01640012487769127,True,False,False,False
CUSTOM_CASE_000043,ambiguous,What does the law say about evidence?,BLOCK_AMBIGUOUS_QUERY,,,BLOCK_AMBIGUOUS_QUERY,No stable custom corpus identifier found.,,,,,,0.0,0,0.02210005186498165,True,False,False,False
CUSTOM_CASE_000044,conflict,Compare CUSTOM_LAW_001 with NON_EXISTENT_LAW_999 and explain which one controls.,BLOCK_CONFLICT_QUERY,,,BLOCK_CONFLICT_QUERY,Conflict-form query detected before retrieval.,CUSTOM_LAW_001,,,,,0.0,0,0.0171000137925148,True,False,False,False
CUSTOM_CASE_000045,supported,"Under CUSTOM_LAW_001, what does Example Public Law say about purpose, routing, or evidence?",ALLOW_WITH_EVIDENCE,CUSTOM_LAW_001,sha256:b57d17b24e7f202aef4ea322f1d057e41701cf004b68042c0f6ddbd271a2d4f7,ALLOW_WITH_EVIDENCE,Query routed to a matched CTHC corpus and salted domain hash.,CUSTOM_LAW_001,sha256:b57d17b24e7f202aef4ea322f1d057e41701cf004b68042c0f6ddbd271a2d4f7,CUSTOM_LAW_001::CHUNK_0001,CUSTOM_LAW_001,sha256:b57d17b24e7f202aef4ea322f1d057e41701cf004b68042c0f6ddbd271a2d4f7,0.3076923076923077,118,0.12360000982880592,True,False,False,False
CUSTOM_CASE_000046,unsupported,"Under NON_EXISTENT_LAW_999, what rule is described?",BLOCK_UNSUPPORTED_QUERY,,,BLOCK_UNSUPPORTED_QUERY,Corpus-like identifier is not present in the custom corpus.,,,,,,0.0,0,0.016700010746717453,True,False,False,False
CUSTOM_CASE_000047,ambiguous,What does the law say about evidence?,BLOCK_AMBIGUOUS_QUERY,,,BLOCK_AMBIGUOUS_QUERY,No stable custom corpus identifier found.,,,,,,0.0,0,0.022200169041752815,True,False,False,False
CUSTOM_CASE_000048,conflict,Compare CUSTOM_LAW_001 with NON_EXISTENT_LAW_999 and explain which one controls.,BLOCK_CONFLICT_QUERY,,,BLOCK_CONFLICT_QUERY,Conflict-form query detected before retrieval.,CUSTOM_LAW_001,,,,,0.0,0,0.016800127923488617,True,False,False,False
CUSTOM_CASE_000049,supported,"Under CUSTOM_LAW_001, what does Example Public Law say about purpose, routing, or evidence?",ALLOW_WITH_EVIDENCE,CUSTOM_LAW_001,sha256:b57d17b24e7f202aef4ea322f1d057e41701cf004b68042c0f6ddbd271a2d4f7,ALLOW_WITH_EVIDENCE,Query routed to a matched CTHC corpus and salted domain hash.,CUSTOM_LAW_001,sha256:b57d17b24e7f202aef4ea322f1d057e41701cf004b68042c0f6ddbd271a2d4f7,CUSTOM_LAW_001::CHUNK_0001,CUSTOM_LAW_001,sha256:b57d17b24e7f202aef4ea322f1d057e41701cf004b68042c0f6ddbd271a2d4f7,0.3076923076923077,118,0.7305999752134085,True,False,False,False
CUSTOM_CASE_000050,unsupported,"Under NON_EXISTENT_LAW_999, what rule is described?",BLOCK_UNSUPPORTED_QUERY,,,BLOCK_UNSUPPORTED_QUERY,Corpus-like identifier is not present in the custom corpus.,,,,,,0.0,0,0.040499959141016006,True,False,False,False
CUSTOM_CASE_000051,ambiguous,What does the law say about evidence?,BLOCK_AMBIGUOUS_QUERY,,,BLOCK_AMBIGUOUS_QUERY,No stable custom corpus identifier found.,,,,,,0.0,0,0.030399998649954796,True,False,False,False
CUSTOM_CASE_000052,conflict,Compare CUSTOM_LAW_001 with NON_EXISTENT_LAW_999 and explain which one controls.,BLOCK_CONFLICT_QUERY,,,BLOCK_CONFLICT_QUERY,Conflict-form query detected before retrieval.,CUSTOM_LAW_001,,,,,0.0,0,0.021600164473056793,True,False,False,False
CUSTOM_CASE_000053,supported,"Under CUSTOM_LAW_001, what does Example Public Law say about purpose, routing, or evidence?",ALLOW_WITH_EVIDENCE,CUSTOM_LAW_001,sha256:b57d17b24e7f202aef4ea322f1d057e41701cf004b68042c0f6ddbd271a2d4f7,ALLOW_WITH_EVIDENCE,Query routed to a matched CTHC corpus and salted domain hash.,CUSTOM_LAW_001,sha256:b57d17b24e7f202aef4ea322f1d057e41701cf004b68042c0f6ddbd271a2d4f7,CUSTOM_LAW_001::CHUNK_0001,CUSTOM_LAW_001,sha256:b57d17b24e7f202aef4ea322f1d057e41701cf004b68042c0f6ddbd271a2d4f7,0.3076923076923077,118,0.13939989730715752,True,False,False,False
CUSTOM_CASE_000054,unsupported,"Under NON_EXISTENT_LAW_999, what rule is described?",BLOCK_UNSUPPORTED_QUERY,,,BLOCK_UNSUPPORTED_QUERY,Corpus-like identifier is not present in the custom corpus.,,,,,,0.0,0,0.020799925550818443,True,False,False,False
CUSTOM_CASE_000055,ambiguous,What does the law say about evidence?,BLOCK_AMBIGUOUS_QUERY,,,BLOCK_AMBIGUOUS_QUERY,No stable custom corpus identifier found.,,,,,,0.0,0,0.024499837309122086,True,False,False,False
CUSTOM_CASE_000056,conflict,Compare CUSTOM_LAW_001 with NON_EXISTENT_LAW_999 and explain which one controls.,BLOCK_CONFLICT_QUERY,,,BLOCK_CONFLICT_QUERY,Conflict-form query detected before retrieval.,CUSTOM_LAW_001,,,,,0.0,0,0.01919991336762905,True,False,False,False
CUSTOM_CASE_000057,supported,"Under CUSTOM_LAW_001, what does Example Public Law say about purpose, routing, or evidence?",ALLOW_WITH_EVIDENCE,CUSTOM_LAW_001,sha256:b57d17b24e7f202aef4ea322f1d057e41701cf004b68042c0f6ddbd271a2d4f7,ALLOW_WITH_EVIDENCE,Query routed to a matched CTHC corpus and salted domain hash.,CUSTOM_LAW_001,sha256:b57d17b24e7f202aef4ea322f1d057e41701cf004b68042c0f6ddbd271a2d4f7,CUSTOM_LAW_001::CHUNK_0001,CUSTOM_LAW_001,sha256:b57d17b24e7f202aef4ea322f1d057e41701cf004b68042c0f6ddbd271a2d4f7,0.3076923076923077,118,0.12449990026652813,True,False,False,False
CUSTOM_CASE_000058,unsupported,"Under NON_EXISTENT_LAW_999, what rule is described?",BLOCK_UNSUPPORTED_QUERY,,,BLOCK_UNSUPPORTED_QUERY,Corpus-like identifier is not present in the custom corpus.,,,,,,0.0,0,0.017900019884109497,True,False,False,False
CUSTOM_CASE_000059,ambiguous,What does the law say about evidence?,BLOCK_AMBIGUOUS_QUERY,,,BLOCK_AMBIGUOUS_QUERY,No stable custom corpus identifier found.,,,,,,0.0,0,0.022399937734007835,True,False,False,False
CUSTOM_CASE_000060,conflict,Compare CUSTOM_LAW_001 with NON_EXISTENT_LAW_999 and explain which one controls.,BLOCK_CONFLICT_QUERY,,,BLOCK_CONFLICT_QUERY,Conflict-form query detected before retrieval.,CUSTOM_LAW_001,,,,,0.0,0,0.01640012487769127,True,False,False,False
CUSTOM_CASE_000061,supported,"Under CUSTOM_LAW_001, what does Example Public Law say about purpose, routing, or evidence?",ALLOW_WITH_EVIDENCE,CUSTOM_LAW_001,sha256:b57d17b24e7f202aef4ea322f1d057e41701cf004b68042c0f6ddbd271a2d4f7,ALLOW_WITH_EVIDENCE,Query routed to a matched CTHC corpus and salted domain hash.,CUSTOM_LAW_001,sha256:b57d17b24e7f202aef4ea322f1d057e41701cf004b68042c0f6ddbd271a2d4f7,CUSTOM_LAW_001::CHUNK_0001,CUSTOM_LAW_001,sha256:b57d17b24e7f202aef4ea322f1d057e41701cf004b68042c0f6ddbd271a2d4f7,0.3076923076923077,118,0.1221999991685152,True,False,False,False
CUSTOM_CASE_000062,unsupported,"Under NON_EXISTENT_LAW_999, what rule is described?",BLOCK_UNSUPPORTED_QUERY,,,BLOCK_UNSUPPORTED_QUERY,Corpus-like identifier is not present in the custom corpus.,,,,,,0.0,0,0.016800127923488617,True,False,False,False
CUSTOM_CASE_000063,ambiguous,What does the law say about evidence?,BLOCK_AMBIGUOUS_QUERY,,,BLOCK_AMBIGUOUS_QUERY,No stable custom corpus identifier found.,,,,,,0.0,0,0.02050003968179226,True,False,False,False
CUSTOM_CASE_000064,conflict,Compare CUSTOM_LAW_001 with NON_EXISTENT_LAW_999 and explain which one controls.,BLOCK_CONFLICT_QUERY,,,BLOCK_CONFLICT_QUERY,Conflict-form query detected before retrieval.,CUSTOM_LAW_001,,,,,0.0,0,0.01650000922381878,True,False,False,False
CUSTOM_CASE_000065,supported,"Under CUSTOM_LAW_001, what does Example Public Law say about purpose, routing, or evidence?",ALLOW_WITH_EVIDENCE,CUSTOM_LAW_001,sha256:b57d17b24e7f202aef4ea322f1d057e41701cf004b68042c0f6ddbd271a2d4f7,ALLOW_WITH_EVIDENCE,Query routed to a matched CTHC corpus and salted domain hash.,CUSTOM_LAW_001,sha256:b57d17b24e7f202aef4ea322f1d057e41701cf004b68042c0f6ddbd271a2d4f7,CUSTOM_LAW_001::CHUNK_0001,CUSTOM_LAW_001,sha256:b57d17b24e7f202aef4ea322f1d057e41701cf004b68042c0f6ddbd271a2d4f7,0.3076923076923077,118,0.11370005086064339,True,False,False,False
CUSTOM_CASE_000066,unsupported,"Under NON_EXISTENT_LAW_999, what rule is described?",BLOCK_UNSUPPORTED_QUERY,,,BLOCK_UNSUPPORTED_QUERY,Corpus-like identifier is not present in the custom corpus.,,,,,,0.0,0,0.01700012944638729,True,False,False,False
CUSTOM_CASE_000067,ambiguous,What does the law say about evidence?,BLOCK_AMBIGUOUS_QUERY,,,BLOCK_AMBIGUOUS_QUERY,No stable custom corpus identifier found.,,,,,,0.0,0,0.02019992098212242,True,False,False,False
CUSTOM_CASE_000068,conflict,Compare CUSTOM_LAW_001 with NON_EXISTENT_LAW_999 and explain which one controls.,BLOCK_CONFLICT_QUERY,,,BLOCK_CONFLICT_QUERY,Conflict-form query detected before retrieval.,CUSTOM_LAW_001,,,,,0.0,0,0.01610000617802143,True,False,False,False
CUSTOM_CASE_000069,supported,"Under CUSTOM_LAW_001, what does Example Public Law say about purpose, routing, or evidence?",ALLOW_WITH_EVIDENCE,CUSTOM_LAW_001,sha256:b57d17b24e7f202aef4ea322f1d057e41701cf004b68042c0f6ddbd271a2d4f7,ALLOW_WITH_EVIDENCE,Query routed to a matched CTHC corpus and salted domain hash.,CUSTOM_LAW_001,sha256:b57d17b24e7f202aef4ea322f1d057e41701cf004b68042c0f6ddbd271a2d4f7,CUSTOM_LAW_001::CHUNK_0001,CUSTOM_LAW_001,sha256:b57d17b24e7f202aef4ea322f1d057e41701cf004b68042c0f6ddbd271a2d4f7,0.3076923076923077,118,0.13409997336566448,True,False,False,False
CUSTOM_CASE_000070,unsupported,"Under NON_EXISTENT_LAW_999, what rule is described?",BLOCK_UNSUPPORTED_QUERY,,,BLOCK_UNSUPPORTED_QUERY,Corpus-like identifier is not present in the custom corpus.,,,,,,0.0,0,0.01610000617802143,True,False,False,False
CUSTOM_CASE_000071,ambiguous,What does the law say about evidence?,BLOCK_AMBIGUOUS_QUERY,,,BLOCK_AMBIGUOUS_QUERY,No stable custom corpus identifier found.,,,,,,0.0,0,0.020700041204690933,True,False,False,False
CUSTOM_CASE_000072,conflict,Compare CUSTOM_LAW_001 with NON_EXISTENT_LAW_999 and explain which one controls.,BLOCK_CONFLICT_QUERY,,,BLOCK_CONFLICT_QUERY,Conflict-form query detected before retrieval.,CUSTOM_LAW_001,,,,,0.0,0,0.015300000086426735,True,False,False,False
CUSTOM_CASE_000073,supported,"Under CUSTOM_LAW_001, what does Example Public Law say about purpose, routing, or evidence?",ALLOW_WITH_EVIDENCE,CUSTOM_LAW_001,sha256:b57d17b24e7f202aef4ea322f1d057e41701cf004b68042c0f6ddbd271a2d4f7,ALLOW_WITH_EVIDENCE,Query routed to a matched CTHC corpus and salted domain hash.,CUSTOM_LAW_001,sha256:b57d17b24e7f202aef4ea322f1d057e41701cf004b68042c0f6ddbd271a2d4f7,CUSTOM_LAW_001::CHUNK_0001,CUSTOM_LAW_001,sha256:b57d17b24e7f202aef4ea322f1d057e41701cf004b68042c0f6ddbd271a2d4f7,0.3076923076923077,118,0.11160015128552914,True,False,False,False
CUSTOM_CASE_000074,unsupported,"Under NON_EXISTENT_LAW_999, what rule is described?",BLOCK_UNSUPPORTED_QUERY,,,BLOCK_UNSUPPORTED_QUERY,Corpus-like identifier is not present in the custom corpus.,,,,,,0.0,0,0.01500011421740055,True,False,False,False
CUSTOM_CASE_000075,ambiguous,What does the law say about evidence?,BLOCK_AMBIGUOUS_QUERY,,,BLOCK_AMBIGUOUS_QUERY,No stable custom corpus identifier found.,,,,,,0.0,0,0.0200001522898674,True,False,False,False
CUSTOM_CASE_000076,conflict,Compare CUSTOM_LAW_001 with NON_EXISTENT_LAW_999 and explain which one controls.,BLOCK_CONFLICT_QUERY,,,BLOCK_CONFLICT_QUERY,Conflict-form query detected before retrieval.,CUSTOM_LAW_001,,,,,0.0,0,0.015700003132224083,True,False,False,False
CUSTOM_CASE_000077,supported,"Under CUSTOM_LAW_001, what does Example Public Law say about purpose, routing, or evidence?",ALLOW_WITH_EVIDENCE,CUSTOM_LAW_001,sha256:b57d17b24e7f202aef4ea322f1d057e41701cf004b68042c0f6ddbd271a2d4f7,ALLOW_WITH_EVIDENCE,Query routed to a matched CTHC corpus and salted domain hash.,CUSTOM_LAW_001,sha256:b57d17b24e7f202aef4ea322f1d057e41701cf004b68042c0f6ddbd271a2d4f7,CUSTOM_LAW_001::CHUNK_0001,CUSTOM_LAW_001,sha256:b57d17b24e7f202aef4ea322f1d057e41701cf004b68042c0f6ddbd271a2d4f7,0.3076923076923077,118,0.11310004629194736,True,False,False,False
CUSTOM_CASE_000078,unsupported,"Under NON_EXISTENT_LAW_999, what rule is described?",BLOCK_UNSUPPORTED_QUERY,,,BLOCK_UNSUPPORTED_QUERY,Corpus-like identifier is not present in the custom corpus.,,,,,,0.0,0,0.015900004655122757,True,False,False,False
CUSTOM_CASE_000079,ambiguous,What does the law say about evidence?,BLOCK_AMBIGUOUS_QUERY,,,BLOCK_AMBIGUOUS_QUERY,No stable custom corpus identifier found.,,,,,,0.0,0,0.019999919459223747,True,False,False,False
CUSTOM_CASE_000080,conflict,Compare CUSTOM_LAW_001 with NON_EXISTENT_LAW_999 and explain which one controls.,BLOCK_CONFLICT_QUERY,,,BLOCK_CONFLICT_QUERY,Conflict-form query detected before retrieval.,CUSTOM_LAW_001,,,,,0.0,0,0.015500001609325409,True,False,False,False
CUSTOM_CASE_000081,supported,"Under CUSTOM_LAW_001, what does Example Public Law say about purpose, routing, or evidence?",ALLOW_WITH_EVIDENCE,CUSTOM_LAW_001,sha256:b57d17b24e7f202aef4ea322f1d057e41701cf004b68042c0f6ddbd271a2d4f7,ALLOW_WITH_EVIDENCE,Query routed to a matched CTHC corpus and salted domain hash.,CUSTOM_LAW_001,sha256:b57d17b24e7f202aef4ea322f1d057e41701cf004b68042c0f6ddbd271a2d4f7,CUSTOM_LAW_001::CHUNK_0001,CUSTOM_LAW_001,sha256:b57d17b24e7f202aef4ea322f1d057e41701cf004b68042c0f6ddbd271a2d4f7,0.3076923076923077,118,0.11120014823973179,True,False,False,False
CUSTOM_CASE_000082,unsupported,"Under NON_EXISTENT_LAW_999, what rule is described?",BLOCK_UNSUPPORTED_QUERY,,,BLOCK_UNSUPPORTED_QUERY,Corpus-like identifier is not present in the custom corpus.,,,,,,0.0,0,0.015199882909655571,True,False,False,False
CUSTOM_CASE_000083,ambiguous,What does the law say about evidence?,BLOCK_AMBIGUOUS_QUERY,,,BLOCK_AMBIGUOUS_QUERY,No stable custom corpus identifier found.,,,,,,0.0,0,0.02119992859661579,True,False,False,False
CUSTOM_CASE_000084,conflict,Compare CUSTOM_LAW_001 with NON_EXISTENT_LAW_999 and explain which one controls.,BLOCK_CONFLICT_QUERY,,,BLOCK_CONFLICT_QUERY,Conflict-form query detected before retrieval.,CUSTOM_LAW_001,,,,,0.0,0,0.015300000086426735,True,False,False,False
CUSTOM_CASE_000085,supported,"Under CUSTOM_LAW_001, what does Example Public Law say about purpose, routing, or evidence?",ALLOW_WITH_EVIDENCE,CUSTOM_LAW_001,sha256:b57d17b24e7f202aef4ea322f1d057e41701cf004b68042c0f6ddbd271a2d4f7,ALLOW_WITH_EVIDENCE,Query routed to a matched CTHC corpus and salted domain hash.,CUSTOM_LAW_001,sha256:b57d17b24e7f202aef4ea322f1d057e41701cf004b68042c0f6ddbd271a2d4f7,CUSTOM_LAW_001::CHUNK_0001,CUSTOM_LAW_001,sha256:b57d17b24e7f202aef4ea322f1d057e41701cf004b68042c0f6ddbd271a2d4f7,0.3076923076923077,118,0.10930001735687256,True,False,False,False
CUSTOM_CASE_000086,unsupported,"Under NON_EXISTENT_LAW_999, what rule is described?",BLOCK_UNSUPPORTED_QUERY,,,BLOCK_UNSUPPORTED_QUERY,Corpus-like identifier is not present in the custom corpus.,,,,,,0.0,0,0.01400010660290718,True,False,False,False
CUSTOM_CASE_000087,ambiguous,What does the law say about evidence?,BLOCK_AMBIGUOUS_QUERY,,,BLOCK_AMBIGUOUS_QUERY,No stable custom corpus identifier found.,,,,,,0.0,0,0.01919991336762905,True,False,False,False
CUSTOM_CASE_000088,conflict,Compare CUSTOM_LAW_001 with NON_EXISTENT_LAW_999 and explain which one controls.,BLOCK_CONFLICT_QUERY,,,BLOCK_CONFLICT_QUERY,Conflict-form query detected before retrieval.,CUSTOM_LAW_001,,,,,0.0,0,0.014899997040629387,True,False,False,False
CUSTOM_CASE_000089,supported,"Under CUSTOM_LAW_001, what does Example Public Law say about purpose, routing, or evidence?",ALLOW_WITH_EVIDENCE,CUSTOM_LAW_001,sha256:b57d17b24e7f202aef4ea322f1d057e41701cf004b68042c0f6ddbd271a2d4f7,ALLOW_WITH_EVIDENCE,Query routed to a matched CTHC corpus and salted domain hash.,CUSTOM_LAW_001,sha256:b57d17b24e7f202aef4ea322f1d057e41701cf004b68042c0f6ddbd271a2d4f7,CUSTOM_LAW_001::CHUNK_0001,CUSTOM_LAW_001,sha256:b57d17b24e7f202aef4ea322f1d057e41701cf004b68042c0f6ddbd271a2d4f7,0.3076923076923077,118,0.10609999299049377,True,False,False,False
CUSTOM_CASE_000090,unsupported,"Under NON_EXISTENT_LAW_999, what rule is described?",BLOCK_UNSUPPORTED_QUERY,,,BLOCK_UNSUPPORTED_QUERY,Corpus-like identifier is not present in the custom corpus.,,,,,,0.0,0,0.014200108125805855,True,False,False,False
CUSTOM_CASE_000091,ambiguous,What does the law say about evidence?,BLOCK_AMBIGUOUS_QUERY,,,BLOCK_AMBIGUOUS_QUERY,No stable custom corpus identifier found.,,,,,,0.0,0,0.01950003206729889,True,False,False,False
CUSTOM_CASE_000092,conflict,Compare CUSTOM_LAW_001 with NON_EXISTENT_LAW_999 and explain which one controls.,BLOCK_CONFLICT_QUERY,,,BLOCK_CONFLICT_QUERY,Conflict-form query detected before retrieval.,CUSTOM_LAW_001,,,,,0.0,0,0.014799879863858223,True,False,False,False
CUSTOM_CASE_000093,supported,"Under CUSTOM_LAW_001, what does Example Public Law say about purpose, routing, or evidence?",ALLOW_WITH_EVIDENCE,CUSTOM_LAW_001,sha256:b57d17b24e7f202aef4ea322f1d057e41701cf004b68042c0f6ddbd271a2d4f7,ALLOW_WITH_EVIDENCE,Query routed to a matched CTHC corpus and salted domain hash.,CUSTOM_LAW_001,sha256:b57d17b24e7f202aef4ea322f1d057e41701cf004b68042c0f6ddbd271a2d4f7,CUSTOM_LAW_001::CHUNK_0001,CUSTOM_LAW_001,sha256:b57d17b24e7f202aef4ea322f1d057e41701cf004b68042c0f6ddbd271a2d4f7,0.3076923076923077,118,0.10639987885951996,True,False,False,False
CUSTOM_CASE_000094,unsupported,"Under NON_EXISTENT_LAW_999, what rule is described?",BLOCK_UNSUPPORTED_QUERY,,,BLOCK_UNSUPPORTED_QUERY,Corpus-like identifier is not present in the custom corpus.,,,,,,0.0,0,0.014399876818060875,True,False,False,False
CUSTOM_CASE_000095,ambiguous,What does the law say about evidence?,BLOCK_AMBIGUOUS_QUERY,,,BLOCK_AMBIGUOUS_QUERY,No stable custom corpus identifier found.,,,,,,0.0,0,0.018700025975704193,True,False,False,False
CUSTOM_CASE_000096,conflict,Compare CUSTOM_LAW_001 with NON_EXISTENT_LAW_999 and explain which one controls.,BLOCK_CONFLICT_QUERY,,,BLOCK_CONFLICT_QUERY,Conflict-form query detected before retrieval.,CUSTOM_LAW_001,,,,,0.0,0,0.015099998563528061,True,False,False,False
CUSTOM_CASE_000097,supported,"Under CUSTOM_LAW_001, what does Example Public Law say about purpose, routing, or evidence?",ALLOW_WITH_EVIDENCE,CUSTOM_LAW_001,sha256:b57d17b24e7f202aef4ea322f1d057e41701cf004b68042c0f6ddbd271a2d4f7,ALLOW_WITH_EVIDENCE,Query routed to a matched CTHC corpus and salted domain hash.,CUSTOM_LAW_001,sha256:b57d17b24e7f202aef4ea322f1d057e41701cf004b68042c0f6ddbd271a2d4f7,CUSTOM_LAW_001::CHUNK_0001,CUSTOM_LAW_001,sha256:b57d17b24e7f202aef4ea322f1d057e41701cf004b68042c0f6ddbd271a2d4f7,0.3076923076923077,118,0.16449997201561928,True,False,False,False
CUSTOM_CASE_000098,unsupported,"Under NON_EXISTENT_LAW_999, what rule is described?",BLOCK_UNSUPPORTED_QUERY,,,BLOCK_UNSUPPORTED_QUERY,Corpus-like identifier is not present in the custom corpus.,,,,,,0.0,0,0.01750001683831215,True,False,False,False
CUSTOM_CASE_000099,ambiguous,What does the law say about evidence?,BLOCK_AMBIGUOUS_QUERY,,,BLOCK_AMBIGUOUS_QUERY,No stable custom corpus identifier found.,,,,,,0.0,0,0.019700033590197563,True,False,False,False
CUSTOM_CASE_000100,conflict,Compare CUSTOM_LAW_001 with NON_EXISTENT_LAW_999 and explain which one controls.,BLOCK_CONFLICT_QUERY,,,BLOCK_CONFLICT_QUERY,Conflict-form query detected before retrieval.,CUSTOM_LAW_001,,,,,0.0,0,0.014600111171603203,True,False,False,False
CUSTOM_CASE_000101,supported,"Under CUSTOM_LAW_001, what does Example Public Law say about purpose, routing, or evidence?",ALLOW_WITH_EVIDENCE,CUSTOM_LAW_001,sha256:b57d17b24e7f202aef4ea322f1d057e41701cf004b68042c0f6ddbd271a2d4f7,ALLOW_WITH_EVIDENCE,Query routed to a matched CTHC corpus and salted domain hash.,CUSTOM_LAW_001,sha256:b57d17b24e7f202aef4ea322f1d057e41701cf004b68042c0f6ddbd271a2d4f7,CUSTOM_LAW_001::CHUNK_0001,CUSTOM_LAW_001,sha256:b57d17b24e7f202aef4ea322f1d057e41701cf004b68042c0f6ddbd271a2d4f7,0.3076923076923077,118,0.11559994891285896,True,False,False,False
CUSTOM_CASE_000102,unsupported,"Under NON_EXISTENT_LAW_999, what rule is described?",BLOCK_UNSUPPORTED_QUERY,,,BLOCK_UNSUPPORTED_QUERY,Corpus-like identifier is not present in the custom corpus.,,,,,,0.0,0,0.014499993994832039,True,False,False,False
CUSTOM_CASE_000103,ambiguous,What does the law say about evidence?,BLOCK_AMBIGUOUS_QUERY,,,BLOCK_AMBIGUOUS_QUERY,No stable custom corpus identifier found.,,,,,,0.0,0,0.018999911844730377,True,False,False,False
CUSTOM_CASE_000104,conflict,Compare CUSTOM_LAW_001 with NON_EXISTENT_LAW_999 and explain which one controls.,BLOCK_CONFLICT_QUERY,,,BLOCK_CONFLICT_QUERY,Conflict-form query detected before retrieval.,CUSTOM_LAW_001,,,,,0.0,0,0.014899997040629387,True,False,False,False
CUSTOM_CASE_000105,supported,"Under CUSTOM_LAW_001, what does Example Public Law say about purpose, routing, or evidence?",ALLOW_WITH_EVIDENCE,CUSTOM_LAW_001,sha256:b57d17b24e7f202aef4ea322f1d057e41701cf004b68042c0f6ddbd271a2d4f7,ALLOW_WITH_EVIDENCE,Query routed to a matched CTHC corpus and salted domain hash.,CUSTOM_LAW_001,sha256:b57d17b24e7f202aef4ea322f1d057e41701cf004b68042c0f6ddbd271a2d4f7,CUSTOM_LAW_001::CHUNK_0001,CUSTOM_LAW_001,sha256:b57d17b24e7f202aef4ea322f1d057e41701cf004b68042c0f6ddbd271a2d4f7,0.3076923076923077,118,0.11570006608963013,True,False,False,False
CUSTOM_CASE_000106,unsupported,"Under NON_EXISTENT_LAW_999, what rule is described?",BLOCK_UNSUPPORTED_QUERY,,,BLOCK_UNSUPPORTED_QUERY,Corpus-like identifier is not present in the custom corpus.,,,,,,0.0,0,0.014199875295162201,True,False,False,False
CUSTOM_CASE_000107,ambiguous,What does the law say about evidence?,BLOCK_AMBIGUOUS_QUERY,,,BLOCK_AMBIGUOUS_QUERY,No stable custom corpus identifier found.,,,,,,0.0,0,0.020899809896945953,True,False,False,False
CUSTOM_CASE_000108,conflict,Compare CUSTOM_LAW_001 with NON_EXISTENT_LAW_999 and explain which one controls.,BLOCK_CONFLICT_QUERY,,,BLOCK_CONFLICT_QUERY,Conflict-form query detected before retrieval.,CUSTOM_LAW_001,,,,,0.0,0,0.014699995517730713,True,False,False,False
CUSTOM_CASE_000109,supported,"Under CUSTOM_LAW_001, what does Example Public Law say about purpose, routing, or evidence?",ALLOW_WITH_EVIDENCE,CUSTOM_LAW_001,sha256:b57d17b24e7f202aef4ea322f1d057e41701cf004b68042c0f6ddbd271a2d4f7,ALLOW_WITH_EVIDENCE,Query routed to a matched CTHC corpus and salted domain hash.,CUSTOM_LAW_001,sha256:b57d17b24e7f202aef4ea322f1d057e41701cf004b68042c0f6ddbd271a2d4f7,CUSTOM_LAW_001::CHUNK_0001,CUSTOM_LAW_001,sha256:b57d17b24e7f202aef4ea322f1d057e41701cf004b68042c0f6ddbd271a2d4f7,0.3076923076923077,118,0.10240008123219013,True,False,False,False
CUSTOM_CASE_000110,unsupported,"Under NON_EXISTENT_LAW_999, what rule is described?",BLOCK_UNSUPPORTED_QUERY,,,BLOCK_UNSUPPORTED_QUERY,Corpus-like identifier is not present in the custom corpus.,,,,,,0.0,0,0.014299992471933365,True,False,False,False
CUSTOM_CASE_000111,ambiguous,What does the law say about evidence?,BLOCK_AMBIGUOUS_QUERY,,,BLOCK_AMBIGUOUS_QUERY,No stable custom corpus identifier found.,,,,,,0.0,0,0.02050003968179226,True,False,False,False
CUSTOM_CASE_000112,conflict,Compare CUSTOM_LAW_001 with NON_EXISTENT_LAW_999 and explain which one controls.,BLOCK_CONFLICT_QUERY,,,BLOCK_CONFLICT_QUERY,Conflict-form query detected before retrieval.,CUSTOM_LAW_001,,,,,0.0,0,0.015200115740299225,True,False,False,False
CUSTOM_CASE_000113,supported,"Under CUSTOM_LAW_001, what does Example Public Law say about purpose, routing, or evidence?",ALLOW_WITH_EVIDENCE,CUSTOM_LAW_001,sha256:b57d17b24e7f202aef4ea322f1d057e41701cf004b68042c0f6ddbd271a2d4f7,ALLOW_WITH_EVIDENCE,Query routed to a matched CTHC corpus and salted domain hash.,CUSTOM_LAW_001,sha256:b57d17b24e7f202aef4ea322f1d057e41701cf004b68042c0f6ddbd271a2d4f7,CUSTOM_LAW_001::CHUNK_0001,CUSTOM_LAW_001,sha256:b57d17b24e7f202aef4ea322f1d057e41701cf004b68042c0f6ddbd271a2d4f7,0.3076923076923077,118,0.12290012091398239,True,False,False,False
CUSTOM_CASE_000114,unsupported,"Under NON_EXISTENT_LAW_999, what rule is described?",BLOCK_UNSUPPORTED_QUERY,,,BLOCK_UNSUPPORTED_QUERY,Corpus-like identifier is not present in the custom corpus.,,,,,,0.0,0,0.014799879863858223,True,False,False,False
CUSTOM_CASE_000115,ambiguous,What does the law say about evidence?,BLOCK_AMBIGUOUS_QUERY,,,BLOCK_AMBIGUOUS_QUERY,No stable custom corpus identifier found.,,,,,,0.0,0,0.0195999164134264,True,False,False,False
CUSTOM_CASE_000116,conflict,Compare CUSTOM_LAW_001 with NON_EXISTENT_LAW_999 and explain which one controls.,BLOCK_CONFLICT_QUERY,,,BLOCK_CONFLICT_QUERY,Conflict-form query detected before retrieval.,CUSTOM_LAW_001,,,,,0.0,0,0.014400109648704529,True,False,False,False
CUSTOM_CASE_000117,supported,"Under CUSTOM_LAW_001, what does Example Public Law say about purpose, routing, or evidence?",ALLOW_WITH_EVIDENCE,CUSTOM_LAW_001,sha256:b57d17b24e7f202aef4ea322f1d057e41701cf004b68042c0f6ddbd271a2d4f7,ALLOW_WITH_EVIDENCE,Query routed to a matched CTHC corpus and salted domain hash.,CUSTOM_LAW_001,sha256:b57d17b24e7f202aef4ea322f1d057e41701cf004b68042c0f6ddbd271a2d4f7,CUSTOM_LAW_001::CHUNK_0001,CUSTOM_LAW_001,sha256:b57d17b24e7f202aef4ea322f1d057e41701cf004b68042c0f6ddbd271a2d4f7,0.3076923076923077,118,0.1020999625325203,True,False,False,False
CUSTOM_CASE_000118,unsupported,"Under NON_EXISTENT_LAW_999, what rule is described?",BLOCK_UNSUPPORTED_QUERY,,,BLOCK_UNSUPPORTED_QUERY,Corpus-like identifier is not present in the custom corpus.,,,,,,0.0,0,0.013699987903237343,True,False,False,False
CUSTOM_CASE_000119,ambiguous,What does the law say about evidence?,BLOCK_AMBIGUOUS_QUERY,,,BLOCK_AMBIGUOUS_QUERY,No stable custom corpus identifier found.,,,,,,0.0,0,0.018600141629576683,True,False,False,False
CUSTOM_CASE_000120,conflict,Compare CUSTOM_LAW_001 with NON_EXISTENT_LAW_999 and explain which one controls.,BLOCK_CONFLICT_QUERY,,,BLOCK_CONFLICT_QUERY,Conflict-form query detected before retrieval.,CUSTOM_LAW_001,,,,,0.0,0,0.01400010660290718,True,False,False,False
CUSTOM_CASE_000121,supported,"Under CUSTOM_LAW_001, what does Example Public Law say about purpose, routing, or evidence?",ALLOW_WITH_EVIDENCE,CUSTOM_LAW_001,sha256:b57d17b24e7f202aef4ea322f1d057e41701cf004b68042c0f6ddbd271a2d4f7,ALLOW_WITH_EVIDENCE,Query routed to a matched CTHC corpus and salted domain hash.,CUSTOM_LAW_001,sha256:b57d17b24e7f202aef4ea322f1d057e41701cf004b68042c0f6ddbd271a2d4f7,CUSTOM_LAW_001::CHUNK_0001,CUSTOM_LAW_001,sha256:b57d17b24e7f202aef4ea322f1d057e41701cf004b68042c0f6ddbd271a2d4f7,0.3076923076923077,118,0.10100007057189941,True,False,False,False
CUSTOM_CASE_000122,unsupported,"Under NON_EXISTENT_LAW_999, what rule is described?",BLOCK_UNSUPPORTED_QUERY,,,BLOCK_UNSUPPORTED_QUERY,Corpus-like identifier is not present in the custom corpus.,,,,,,0.0,0,0.013399869203567505,True,False,False,False
CUSTOM_CASE_000123,ambiguous,What does the law say about evidence?,BLOCK_AMBIGUOUS_QUERY,,,BLOCK_AMBIGUOUS_QUERY,No stable custom corpus identifier found.,,,,,,0.0,0,0.01810002140700817,True,False,False,False
CUSTOM_CASE_000124,conflict,Compare CUSTOM_LAW_001 with NON_EXISTENT_LAW_999 and explain which one controls.,BLOCK_CONFLICT_QUERY,,,BLOCK_CONFLICT_QUERY,Conflict-form query detected before retrieval.,CUSTOM_LAW_001,,,,,0.0,0,0.013999873772263527,True,False,False,False
CUSTOM_CASE_000125,supported,"Under CUSTOM_LAW_001, what does Example Public Law say about purpose, routing, or evidence?",ALLOW_WITH_EVIDENCE,CUSTOM_LAW_001,sha256:b57d17b24e7f202aef4ea322f1d057e41701cf004b68042c0f6ddbd271a2d4f7,ALLOW_WITH_EVIDENCE,Query routed to a matched CTHC corpus and salted domain hash.,CUSTOM_LAW_001,sha256:b57d17b24e7f202aef4ea322f1d057e41701cf004b68042c0f6ddbd271a2d4f7,CUSTOM_LAW_001::CHUNK_0001,CUSTOM_LAW_001,sha256:b57d17b24e7f202aef4ea322f1d057e41701cf004b68042c0f6ddbd271a2d4f7,0.3076923076923077,118,0.10189996100962162,True,False,False,False
CUSTOM_CASE_000126,unsupported,"Under NON_EXISTENT_LAW_999, what rule is described?",BLOCK_UNSUPPORTED_QUERY,,,BLOCK_UNSUPPORTED_QUERY,Corpus-like identifier is not present in the custom corpus.,,,,,,0.0,0,0.013899989426136017,True,False,False,False
CUSTOM_CASE_000127,ambiguous,What does the law say about evidence?,BLOCK_AMBIGUOUS_QUERY,,,BLOCK_AMBIGUOUS_QUERY,No stable custom corpus identifier found.,,,,,,0.0,0,0.01850002445280552,True,False,False,False
CUSTOM_CASE_000128,conflict,Compare CUSTOM_LAW_001 with NON_EXISTENT_LAW_999 and explain which one controls.,BLOCK_CONFLICT_QUERY,,,BLOCK_CONFLICT_QUERY,Conflict-form query detected before retrieval.,CUSTOM_LAW_001,,,,,0.0,0,0.01409999094903469,True,False,False,False
CUSTOM_CASE_000129,supported,"Under CUSTOM_LAW_001, what does Example Public Law say about purpose, routing, or evidence?",ALLOW_WITH_EVIDENCE,CUSTOM_LAW_001,sha256:b57d17b24e7f202aef4ea322f1d057e41701cf004b68042c0f6ddbd271a2d4f7,ALLOW_WITH_EVIDENCE,Query routed to a matched CTHC corpus and salted domain hash.,CUSTOM_LAW_001,sha256:b57d17b24e7f202aef4ea322f1d057e41701cf004b68042c0f6ddbd271a2d4f7,CUSTOM_LAW_001::CHUNK_0001,CUSTOM_LAW_001,sha256:b57d17b24e7f202aef4ea322f1d057e41701cf004b68042c0f6ddbd271a2d4f7,0.3076923076923077,118,0.1026000827550888,True,False,False,False
CUSTOM_CASE_000130,unsupported,"Under NON_EXISTENT_LAW_999, what rule is described?",BLOCK_UNSUPPORTED_QUERY,,,BLOCK_UNSUPPORTED_QUERY,Corpus-like identifier is not present in the custom corpus.,,,,,,0.0,0,0.013399869203567505,True,False,False,False
CUSTOM_CASE_000131,ambiguous,What does the law say about evidence?,BLOCK_AMBIGUOUS_QUERY,,,BLOCK_AMBIGUOUS_QUERY,No stable custom corpus identifier found.,,,,,,0.0,0,0.01750001683831215,True,False,False,False
CUSTOM_CASE_000132,conflict,Compare CUSTOM_LAW_001 with NON_EXISTENT_LAW_999 and explain which one controls.,BLOCK_CONFLICT_QUERY,,,BLOCK_CONFLICT_QUERY,Conflict-form query detected before retrieval.,CUSTOM_LAW_001,,,,,0.0,0,0.014400109648704529,True,False,False,False
CUSTOM_CASE_000133,supported,"Under CUSTOM_LAW_001, what does Example Public Law say about purpose, routing, or evidence?",ALLOW_WITH_EVIDENCE,CUSTOM_LAW_001,sha256:b57d17b24e7f202aef4ea322f1d057e41701cf004b68042c0f6ddbd271a2d4f7,ALLOW_WITH_EVIDENCE,Query routed to a matched CTHC corpus and salted domain hash.,CUSTOM_LAW_001,sha256:b57d17b24e7f202aef4ea322f1d057e41701cf004b68042c0f6ddbd271a2d4f7,CUSTOM_LAW_001::CHUNK_0001,CUSTOM_LAW_001,sha256:b57d17b24e7f202aef4ea322f1d057e41701cf004b68042c0f6ddbd271a2d4f7,0.3076923076923077,118,0.098399817943573,True,False,False,False
CUSTOM_CASE_000134,unsupported,"Under NON_EXISTENT_LAW_999, what rule is described?",BLOCK_UNSUPPORTED_QUERY,,,BLOCK_UNSUPPORTED_QUERY,Corpus-like identifier is not present in the custom corpus.,,,,,,0.0,0,0.013799872249364853,True,False,False,False
CUSTOM_CASE_000135,ambiguous,What does the law say about evidence?,BLOCK_AMBIGUOUS_QUERY,,,BLOCK_AMBIGUOUS_QUERY,No stable custom corpus identifier found.,,,,,,0.0,0,0.017600134015083313,True,False,False,False
CUSTOM_CASE_000136,conflict,Compare CUSTOM_LAW_001 with NON_EXISTENT_LAW_999 and explain which one controls.,BLOCK_CONFLICT_QUERY,,,BLOCK_CONFLICT_QUERY,Conflict-form query detected before retrieval.,CUSTOM_LAW_001,,,,,0.0,0,0.013699987903237343,True,False,False,False
CUSTOM_CASE_000137,supported,"Under CUSTOM_LAW_001, what does Example Public Law say about purpose, routing, or evidence?",ALLOW_WITH_EVIDENCE,CUSTOM_LAW_001,sha256:b57d17b24e7f202aef4ea322f1d057e41701cf004b68042c0f6ddbd271a2d4f7,ALLOW_WITH_EVIDENCE,Query routed to a matched CTHC corpus and salted domain hash.,CUSTOM_LAW_001,sha256:b57d17b24e7f202aef4ea322f1d057e41701cf004b68042c0f6ddbd271a2d4f7,CUSTOM_LAW_001::CHUNK_0001,CUSTOM_LAW_001,sha256:b57d17b24e7f202aef4ea322f1d057e41701cf004b68042c0f6ddbd271a2d4f7,0.3076923076923077,118,0.09750016033649445,True,False,False,False
CUSTOM_CASE_000138,unsupported,"Under NON_EXISTENT_LAW_999, what rule is described?",BLOCK_UNSUPPORTED_QUERY,,,BLOCK_UNSUPPORTED_QUERY,Corpus-like identifier is not present in the custom corpus.,,,,,,0.0,0,0.012999866157770157,True,False,False,False
CUSTOM_CASE_000139,ambiguous,What does the law say about evidence?,BLOCK_AMBIGUOUS_QUERY,,,BLOCK_AMBIGUOUS_QUERY,No stable custom corpus identifier found.,,,,,,0.0,0,0.01759990118443966,True,False,False,False
CUSTOM_CASE_000140,conflict,Compare CUSTOM_LAW_001 with NON_EXISTENT_LAW_999 and explain which one controls.,BLOCK_CONFLICT_QUERY,,,BLOCK_CONFLICT_QUERY,Conflict-form query detected before retrieval.,CUSTOM_LAW_001,,,,,0.0,0,0.013300217688083649,True,False,False,False
CUSTOM_CASE_000141,supported,"Under CUSTOM_LAW_001, what does Example Public Law say about purpose, routing, or evidence?",ALLOW_WITH_EVIDENCE,CUSTOM_LAW_001,sha256:b57d17b24e7f202aef4ea322f1d057e41701cf004b68042c0f6ddbd271a2d4f7,ALLOW_WITH_EVIDENCE,Query routed to a matched CTHC corpus and salted domain hash.,CUSTOM_LAW_001,sha256:b57d17b24e7f202aef4ea322f1d057e41701cf004b68042c0f6ddbd271a2d4f7,CUSTOM_LAW_001::CHUNK_0001,CUSTOM_LAW_001,sha256:b57d17b24e7f202aef4ea322f1d057e41701cf004b68042c0f6ddbd271a2d4f7,0.3076923076923077,118,0.09820004925131798,True,False,False,False
CUSTOM_CASE_000142,unsupported,"Under NON_EXISTENT_LAW_999, what rule is described?",BLOCK_UNSUPPORTED_QUERY,,,BLOCK_UNSUPPORTED_QUERY,Corpus-like identifier is not present in the custom corpus.,,,,,,0.0,0,0.014199875295162201,True,False,False,False
CUSTOM_CASE_000143,ambiguous,What does the law say about evidence?,BLOCK_AMBIGUOUS_QUERY,,,BLOCK_AMBIGUOUS_QUERY,No stable custom corpus identifier found.,,,,,,0.0,0,0.01750001683831215,True,False,False,False
CUSTOM_CASE_000144,conflict,Compare CUSTOM_LAW_001 with NON_EXISTENT_LAW_999 and explain which one controls.,BLOCK_CONFLICT_QUERY,,,BLOCK_CONFLICT_QUERY,Conflict-form query detected before retrieval.,CUSTOM_LAW_001,,,,,0.0,0,0.013499986380338669,True,False,False,False
CUSTOM_CASE_000145,supported,"Under CUSTOM_LAW_001, what does Example Public Law say about purpose, routing, or evidence?",ALLOW_WITH_EVIDENCE,CUSTOM_LAW_001,sha256:b57d17b24e7f202aef4ea322f1d057e41701cf004b68042c0f6ddbd271a2d4f7,ALLOW_WITH_EVIDENCE,Query routed to a matched CTHC corpus and salted domain hash.,CUSTOM_LAW_001,sha256:b57d17b24e7f202aef4ea322f1d057e41701cf004b68042c0f6ddbd271a2d4f7,CUSTOM_LAW_001::CHUNK_0001,CUSTOM_LAW_001,sha256:b57d17b24e7f202aef4ea322f1d057e41701cf004b68042c0f6ddbd271a2d4f7,0.3076923076923077,118,0.09920005686581135,True,False,False,False
CUSTOM_CASE_000146,unsupported,"Under NON_EXISTENT_LAW_999, what rule is described?",BLOCK_UNSUPPORTED_QUERY,,,BLOCK_UNSUPPORTED_QUERY,Corpus-like identifier is not present in the custom corpus.,,,,,,0.0,0,0.013400102034211159,True,False,False,False
CUSTOM_CASE_000147,ambiguous,What does the law say about evidence?,BLOCK_AMBIGUOUS_QUERY,,,BLOCK_AMBIGUOUS_QUERY,No stable custom corpus identifier found.,,,,,,0.0,0,0.016900012269616127,True,False,False,False
CUSTOM_CASE_000148,conflict,Compare CUSTOM_LAW_001 with NON_EXISTENT_LAW_999 and explain which one controls.,BLOCK_CONFLICT_QUERY,,,BLOCK_CONFLICT_QUERY,Conflict-form query detected before retrieval.,CUSTOM_LAW_001,,,,,0.0,0,0.013600103557109833,True,False,False,False
CUSTOM_CASE_000149,supported,"Under CUSTOM_LAW_001, what does Example Public Law say about purpose, routing, or evidence?",ALLOW_WITH_EVIDENCE,CUSTOM_LAW_001,sha256:b57d17b24e7f202aef4ea322f1d057e41701cf004b68042c0f6ddbd271a2d4f7,ALLOW_WITH_EVIDENCE,Query routed to a matched CTHC corpus and salted domain hash.,CUSTOM_LAW_001,sha256:b57d17b24e7f202aef4ea322f1d057e41701cf004b68042c0f6ddbd271a2d4f7,CUSTOM_LAW_001::CHUNK_0001,CUSTOM_LAW_001,sha256:b57d17b24e7f202aef4ea322f1d057e41701cf004b68042c0f6ddbd271a2d4f7,0.3076923076923077,118,0.09739981032907963,True,False,False,False
CUSTOM_CASE_000150,unsupported,"Under NON_EXISTENT_LAW_999, what rule is described?",BLOCK_UNSUPPORTED_QUERY,,,BLOCK_UNSUPPORTED_QUERY,Corpus-like identifier is not present in the custom corpus.,,,,,,0.0,0,0.013400102034211159,True,False,False,False
CUSTOM_CASE_000151,ambiguous,What does the law say about evidence?,BLOCK_AMBIGUOUS_QUERY,,,BLOCK_AMBIGUOUS_QUERY,No stable custom corpus identifier found.,,,,,,0.0,0,0.017399899661540985,True,False,False,False
CUSTOM_CASE_000152,conflict,Compare CUSTOM_LAW_001 with NON_EXISTENT_LAW_999 and explain which one controls.,BLOCK_CONFLICT_QUERY,,,BLOCK_CONFLICT_QUERY,Conflict-form query detected before retrieval.,CUSTOM_LAW_001,,,,,0.0,0,0.013400102034211159,True,False,False,False
CUSTOM_CASE_000153,supported,"Under CUSTOM_LAW_001, what does Example Public Law say about purpose, routing, or evidence?",ALLOW_WITH_EVIDENCE,CUSTOM_LAW_001,sha256:b57d17b24e7f202aef4ea322f1d057e41701cf004b68042c0f6ddbd271a2d4f7,ALLOW_WITH_EVIDENCE,Query routed to a matched CTHC corpus and salted domain hash.,CUSTOM_LAW_001,sha256:b57d17b24e7f202aef4ea322f1d057e41701cf004b68042c0f6ddbd271a2d4f7,CUSTOM_LAW_001::CHUNK_0001,CUSTOM_LAW_001,sha256:b57d17b24e7f202aef4ea322f1d057e41701cf004b68042c0f6ddbd271a2d4f7,0.3076923076923077,118,0.09309989400207996,True,False,False,False
CUSTOM_CASE_000154,unsupported,"Under NON_EXISTENT_LAW_999, what rule is described?",BLOCK_UNSUPPORTED_QUERY,,,BLOCK_UNSUPPORTED_QUERY,Corpus-like identifier is not present in the custom corpus.,,,,,,0.0,0,0.012600095942616463,True,False,False,False
CUSTOM_CASE_000155,ambiguous,What does the law say about evidence?,BLOCK_AMBIGUOUS_QUERY,,,BLOCK_AMBIGUOUS_QUERY,No stable custom corpus identifier found.,,,,,,0.0,0,0.01650000922381878,True,False,False,False
CUSTOM_CASE_000156,conflict,Compare CUSTOM_LAW_001 with NON_EXISTENT_LAW_999 and explain which one controls.,BLOCK_CONFLICT_QUERY,,,BLOCK_CONFLICT_QUERY,Conflict-form query detected before retrieval.,CUSTOM_LAW_001,,,,,0.0,0,0.01409999094903469,True,False,False,False
CUSTOM_CASE_000157,supported,"Under CUSTOM_LAW_001, what does Example Public Law say about purpose, routing, or evidence?",ALLOW_WITH_EVIDENCE,CUSTOM_LAW_001,sha256:b57d17b24e7f202aef4ea322f1d057e41701cf004b68042c0f6ddbd271a2d4f7,ALLOW_WITH_EVIDENCE,Query routed to a matched CTHC corpus and salted domain hash.,CUSTOM_LAW_001,sha256:b57d17b24e7f202aef4ea322f1d057e41701cf004b68042c0f6ddbd271a2d4f7,CUSTOM_LAW_001::CHUNK_0001,CUSTOM_LAW_001,sha256:b57d17b24e7f202aef4ea322f1d057e41701cf004b68042c0f6ddbd271a2d4f7,0.3076923076923077,118,0.09580003097653389,True,False,False,False
CUSTOM_CASE_000158,unsupported,"Under NON_EXISTENT_LAW_999, what rule is described?",BLOCK_UNSUPPORTED_QUERY,,,BLOCK_UNSUPPORTED_QUERY,Corpus-like identifier is not present in the custom corpus.,,,,,,0.0,0,0.012899981811642647,True,False,False,False
CUSTOM_CASE_000159,ambiguous,What does the law say about evidence?,BLOCK_AMBIGUOUS_QUERY,,,BLOCK_AMBIGUOUS_QUERY,No stable custom corpus identifier found.,,,,,,0.0,0,0.01719989813864231,True,False,False,False
CUSTOM_CASE_000160,conflict,Compare CUSTOM_LAW_001 with NON_EXISTENT_LAW_999 and explain which one controls.,BLOCK_CONFLICT_QUERY,,,BLOCK_CONFLICT_QUERY,Conflict-form query detected before retrieval.,CUSTOM_LAW_001,,,,,0.0,0,0.013299984857439995,True,False,False,False
CUSTOM_CASE_000161,supported,"Under CUSTOM_LAW_001, what does Example Public Law say about purpose, routing, or evidence?",ALLOW_WITH_EVIDENCE,CUSTOM_LAW_001,sha256:b57d17b24e7f202aef4ea322f1d057e41701cf004b68042c0f6ddbd271a2d4f7,ALLOW_WITH_EVIDENCE,Query routed to a matched CTHC corpus and salted domain hash.,CUSTOM_LAW_001,sha256:b57d17b24e7f202aef4ea322f1d057e41701cf004b68042c0f6ddbd271a2d4f7,CUSTOM_LAW_001::CHUNK_0001,CUSTOM_LAW_001,sha256:b57d17b24e7f202aef4ea322f1d057e41701cf004b68042c0f6ddbd271a2d4f7,0.3076923076923077,118,0.0942000187933445,True,False,False,False
CUSTOM_CASE_000162,unsupported,"Under NON_EXISTENT_LAW_999, what rule is described?",BLOCK_UNSUPPORTED_QUERY,,,BLOCK_UNSUPPORTED_QUERY,Corpus-like identifier is not present in the custom corpus.,,,,,,0.0,0,0.012899981811642647,True,False,False,False
CUSTOM_CASE_000163,ambiguous,What does the law say about evidence?,BLOCK_AMBIGUOUS_QUERY,,,BLOCK_AMBIGUOUS_QUERY,No stable custom corpus identifier found.,,,,,,0.0,0,0.017300015315413475,True,False,False,False
CUSTOM_CASE_000164,conflict,Compare CUSTOM_LAW_001 with NON_EXISTENT_LAW_999 and explain which one controls.,BLOCK_CONFLICT_QUERY,,,BLOCK_CONFLICT_QUERY,Conflict-form query detected before retrieval.,CUSTOM_LAW_001,,,,,0.0,0,0.020999927073717117,True,False,False,False
CUSTOM_CASE_000165,supported,"Under CUSTOM_LAW_001, what does Example Public Law say about purpose, routing, or evidence?",ALLOW_WITH_EVIDENCE,CUSTOM_LAW_001,sha256:b57d17b24e7f202aef4ea322f1d057e41701cf004b68042c0f6ddbd271a2d4f7,ALLOW_WITH_EVIDENCE,Query routed to a matched CTHC corpus and salted domain hash.,CUSTOM_LAW_001,sha256:b57d17b24e7f202aef4ea322f1d057e41701cf004b68042c0f6ddbd271a2d4f7,CUSTOM_LAW_001::CHUNK_0001,CUSTOM_LAW_001,sha256:b57d17b24e7f202aef4ea322f1d057e41701cf004b68042c0f6ddbd271a2d4f7,0.3076923076923077,118,0.09659980423748493,True,False,False,False
CUSTOM_CASE_000166,unsupported,"Under NON_EXISTENT_LAW_999, what rule is described?",BLOCK_UNSUPPORTED_QUERY,,,BLOCK_UNSUPPORTED_QUERY,Corpus-like identifier is not present in the custom corpus.,,,,,,0.0,0,0.012899981811642647,True,False,False,False
CUSTOM_CASE_000167,ambiguous,What does the law say about evidence?,BLOCK_AMBIGUOUS_QUERY,,,BLOCK_AMBIGUOUS_QUERY,No stable custom corpus identifier found.,,,,,,0.0,0,0.01700012944638729,True,False,False,False
CUSTOM_CASE_000168,conflict,Compare CUSTOM_LAW_001 with NON_EXISTENT_LAW_999 and explain which one controls.,BLOCK_CONFLICT_QUERY,,,BLOCK_CONFLICT_QUERY,Conflict-form query detected before retrieval.,CUSTOM_LAW_001,,,,,0.0,0,0.013299984857439995,True,False,False,False
CUSTOM_CASE_000169,supported,"Under CUSTOM_LAW_001, what does Example Public Law say about purpose, routing, or evidence?",ALLOW_WITH_EVIDENCE,CUSTOM_LAW_001,sha256:b57d17b24e7f202aef4ea322f1d057e41701cf004b68042c0f6ddbd271a2d4f7,ALLOW_WITH_EVIDENCE,Query routed to a matched CTHC corpus and salted domain hash.,CUSTOM_LAW_001,sha256:b57d17b24e7f202aef4ea322f1d057e41701cf004b68042c0f6ddbd271a2d4f7,CUSTOM_LAW_001::CHUNK_0001,CUSTOM_LAW_001,sha256:b57d17b24e7f202aef4ea322f1d057e41701cf004b68042c0f6ddbd271a2d4f7,0.3076923076923077,118,0.09400001727044582,True,False,False,False
CUSTOM_CASE_000170,unsupported,"Under NON_EXISTENT_LAW_999, what rule is described?",BLOCK_UNSUPPORTED_QUERY,,,BLOCK_UNSUPPORTED_QUERY,Corpus-like identifier is not present in the custom corpus.,,,,,,0.0,0,0.012800097465515137,True,False,False,False
CUSTOM_CASE_000171,ambiguous,What does the law say about evidence?,BLOCK_AMBIGUOUS_QUERY,,,BLOCK_AMBIGUOUS_QUERY,No stable custom corpus identifier found.,,,,,,0.0,0,0.01719989813864231,True,False,False,False
CUSTOM_CASE_000172,conflict,Compare CUSTOM_LAW_001 with NON_EXISTENT_LAW_999 and explain which one controls.,BLOCK_CONFLICT_QUERY,,,BLOCK_CONFLICT_QUERY,Conflict-form query detected before retrieval.,CUSTOM_LAW_001,,,,,0.0,0,0.013399869203567505,True,False,False,False
CUSTOM_CASE_000173,supported,"Under CUSTOM_LAW_001, what does Example Public Law say about purpose, routing, or evidence?",ALLOW_WITH_EVIDENCE,CUSTOM_LAW_001,sha256:b57d17b24e7f202aef4ea322f1d057e41701cf004b68042c0f6ddbd271a2d4f7,ALLOW_WITH_EVIDENCE,Query routed to a matched CTHC corpus and salted domain hash.,CUSTOM_LAW_001,sha256:b57d17b24e7f202aef4ea322f1d057e41701cf004b68042c0f6ddbd271a2d4f7,CUSTOM_LAW_001::CHUNK_0001,CUSTOM_LAW_001,sha256:b57d17b24e7f202aef4ea322f1d057e41701cf004b68042c0f6ddbd271a2d4f7,0.3076923076923077,118,0.09460002183914185,True,False,False,False
CUSTOM_CASE_000174,unsupported,"Under NON_EXISTENT_LAW_999, what rule is described?",BLOCK_UNSUPPORTED_QUERY,,,BLOCK_UNSUPPORTED_QUERY,Corpus-like identifier is not present in the custom corpus.,,,,,,0.0,0,0.013799872249364853,True,False,False,False
CUSTOM_CASE_000175,ambiguous,What does the law say about evidence?,BLOCK_AMBIGUOUS_QUERY,,,BLOCK_AMBIGUOUS_QUERY,No stable custom corpus identifier found.,,,,,,0.0,0,0.0171000137925148,True,False,False,False
CUSTOM_CASE_000176,conflict,Compare CUSTOM_LAW_001 with NON_EXISTENT_LAW_999 and explain which one controls.,BLOCK_CONFLICT_QUERY,,,BLOCK_CONFLICT_QUERY,Conflict-form query detected before retrieval.,CUSTOM_LAW_001,,,,,0.0,0,0.013400102034211159,True,False,False,False
CUSTOM_CASE_000177,supported,"Under CUSTOM_LAW_001, what does Example Public Law say about purpose, routing, or evidence?",ALLOW_WITH_EVIDENCE,CUSTOM_LAW_001,sha256:b57d17b24e7f202aef4ea322f1d057e41701cf004b68042c0f6ddbd271a2d4f7,ALLOW_WITH_EVIDENCE,Query routed to a matched CTHC corpus and salted domain hash.,CUSTOM_LAW_001,sha256:b57d17b24e7f202aef4ea322f1d057e41701cf004b68042c0f6ddbd271a2d4f7,CUSTOM_LAW_001::CHUNK_0001,CUSTOM_LAW_001,sha256:b57d17b24e7f202aef4ea322f1d057e41701cf004b68042c0f6ddbd271a2d4f7,0.3076923076923077,118,0.09649991989135742,True,False,False,False
CUSTOM_CASE_000178,unsupported,"Under NON_EXISTENT_LAW_999, what rule is described?",BLOCK_UNSUPPORTED_QUERY,,,BLOCK_UNSUPPORTED_QUERY,Corpus-like identifier is not present in the custom corpus.,,,,,,0.0,0,0.013899989426136017,True,False,False,False
CUSTOM_CASE_000179,ambiguous,What does the law say about evidence?,BLOCK_AMBIGUOUS_QUERY,,,BLOCK_AMBIGUOUS_QUERY,No stable custom corpus identifier found.,,,,,,0.0,0,0.016900012269616127,True,False,False,False
CUSTOM_CASE_000180,conflict,Compare CUSTOM_LAW_001 with NON_EXISTENT_LAW_999 and explain which one controls.,BLOCK_CONFLICT_QUERY,,,BLOCK_CONFLICT_QUERY,Conflict-form query detected before retrieval.,CUSTOM_LAW_001,,,,,0.0,0,0.012499978765845299,True,False,False,False
CUSTOM_CASE_000181,supported,"Under CUSTOM_LAW_001, what does Example Public Law say about purpose, routing, or evidence?",ALLOW_WITH_EVIDENCE,CUSTOM_LAW_001,sha256:b57d17b24e7f202aef4ea322f1d057e41701cf004b68042c0f6ddbd271a2d4f7,ALLOW_WITH_EVIDENCE,Query routed to a matched CTHC corpus and salted domain hash.,CUSTOM_LAW_001,sha256:b57d17b24e7f202aef4ea322f1d057e41701cf004b68042c0f6ddbd271a2d4f7,CUSTOM_LAW_001::CHUNK_0001,CUSTOM_LAW_001,sha256:b57d17b24e7f202aef4ea322f1d057e41701cf004b68042c0f6ddbd271a2d4f7,0.3076923076923077,118,0.09139999747276306,True,False,False,False
CUSTOM_CASE_000182,unsupported,"Under NON_EXISTENT_LAW_999, what rule is described?",BLOCK_UNSUPPORTED_QUERY,,,BLOCK_UNSUPPORTED_QUERY,Corpus-like identifier is not present in the custom corpus.,,,,,,0.0,0,0.012200092896819115,True,False,False,False
CUSTOM_CASE_000183,ambiguous,What does the law say about evidence?,BLOCK_AMBIGUOUS_QUERY,,,BLOCK_AMBIGUOUS_QUERY,No stable custom corpus identifier found.,,,,,,0.0,0,0.015900004655122757,True,False,False,False
CUSTOM_CASE_000184,conflict,Compare CUSTOM_LAW_001 with NON_EXISTENT_LAW_999 and explain which one controls.,BLOCK_CONFLICT_QUERY,,,BLOCK_CONFLICT_QUERY,Conflict-form query detected before retrieval.,CUSTOM_LAW_001,,,,,0.0,0,0.012600095942616463,True,False,False,False
CUSTOM_CASE_000185,supported,"Under CUSTOM_LAW_001, what does Example Public Law say about purpose, routing, or evidence?",ALLOW_WITH_EVIDENCE,CUSTOM_LAW_001,sha256:b57d17b24e7f202aef4ea322f1d057e41701cf004b68042c0f6ddbd271a2d4f7,ALLOW_WITH_EVIDENCE,Query routed to a matched CTHC corpus and salted domain hash.,CUSTOM_LAW_001,sha256:b57d17b24e7f202aef4ea322f1d057e41701cf004b68042c0f6ddbd271a2d4f7,CUSTOM_LAW_001::CHUNK_0001,CUSTOM_LAW_001,sha256:b57d17b24e7f202aef4ea322f1d057e41701cf004b68042c0f6ddbd271a2d4f7,0.3076923076923077,118,0.09099999442696571,True,False,False,False
CUSTOM_CASE_000186,unsupported,"Under NON_EXISTENT_LAW_999, what rule is described?",BLOCK_UNSUPPORTED_QUERY,,,BLOCK_UNSUPPORTED_QUERY,Corpus-like identifier is not present in the custom corpus.,,,,,,0.0,0,0.013600103557109833,True,False,False,False
CUSTOM_CASE_000187,ambiguous,What does the law say about evidence?,BLOCK_AMBIGUOUS_QUERY,,,BLOCK_AMBIGUOUS_QUERY,No stable custom corpus identifier found.,,,,,,0.0,0,0.017300015315413475,True,False,False,False
CUSTOM_CASE_000188,conflict,Compare CUSTOM_LAW_001 with NON_EXISTENT_LAW_999 and explain which one controls.,BLOCK_CONFLICT_QUERY,,,BLOCK_CONFLICT_QUERY,Conflict-form query detected before retrieval.,CUSTOM_LAW_001,,,,,0.0,0,0.01400010660290718,True,False,False,False
CUSTOM_CASE_000189,supported,"Under CUSTOM_LAW_001, what does Example Public Law say about purpose, routing, or evidence?",ALLOW_WITH_EVIDENCE,CUSTOM_LAW_001,sha256:b57d17b24e7f202aef4ea322f1d057e41701cf004b68042c0f6ddbd271a2d4f7,ALLOW_WITH_EVIDENCE,Query routed to a matched CTHC corpus and salted domain hash.,CUSTOM_LAW_001,sha256:b57d17b24e7f202aef4ea322f1d057e41701cf004b68042c0f6ddbd271a2d4f7,CUSTOM_LAW_001::CHUNK_0001,CUSTOM_LAW_001,sha256:b57d17b24e7f202aef4ea322f1d057e41701cf004b68042c0f6ddbd271a2d4f7,0.3076923076923077,118,0.09320001117885113,True,False,False,False
CUSTOM_CASE_000190,unsupported,"Under NON_EXISTENT_LAW_999, what rule is described?",BLOCK_UNSUPPORTED_QUERY,,,BLOCK_UNSUPPORTED_QUERY,Corpus-like identifier is not present in the custom corpus.,,,,,,0.0,0,0.012400094419717789,True,False,False,False
CUSTOM_CASE_000191,ambiguous,What does the law say about evidence?,BLOCK_AMBIGUOUS_QUERY,,,BLOCK_AMBIGUOUS_QUERY,No stable custom corpus identifier found.,,,,,,0.0,0,0.01659989356994629,True,False,False,False
CUSTOM_CASE_000192,conflict,Compare CUSTOM_LAW_001 with NON_EXISTENT_LAW_999 and explain which one controls.,BLOCK_CONFLICT_QUERY,,,BLOCK_CONFLICT_QUERY,Conflict-form query detected before retrieval.,CUSTOM_LAW_001,,,,,0.0,0,0.012399861589074135,True,False,False,False
CUSTOM_CASE_000193,supported,"Under CUSTOM_LAW_001, what does Example Public Law say about purpose, routing, or evidence?",ALLOW_WITH_EVIDENCE,CUSTOM_LAW_001,sha256:b57d17b24e7f202aef4ea322f1d057e41701cf004b68042c0f6ddbd271a2d4f7,ALLOW_WITH_EVIDENCE,Query routed to a matched CTHC corpus and salted domain hash.,CUSTOM_LAW_001,sha256:b57d17b24e7f202aef4ea322f1d057e41701cf004b68042c0f6ddbd271a2d4f7,CUSTOM_LAW_001::CHUNK_0001,CUSTOM_LAW_001,sha256:b57d17b24e7f202aef4ea322f1d057e41701cf004b68042c0f6ddbd271a2d4f7,0.3076923076923077,118,0.089599983766675,True,False,False,False
CUSTOM_CASE_000194,unsupported,"Under NON_EXISTENT_LAW_999, what rule is described?",BLOCK_UNSUPPORTED_QUERY,,,BLOCK_UNSUPPORTED_QUERY,Corpus-like identifier is not present in the custom corpus.,,,,,,0.0,0,0.012299977242946625,True,False,False,False
CUSTOM_CASE_000195,ambiguous,What does the law say about evidence?,BLOCK_AMBIGUOUS_QUERY,,,BLOCK_AMBIGUOUS_QUERY,No stable custom corpus identifier found.,,,,,,0.0,0,0.01640012487769127,True,False,False,False
CUSTOM_CASE_000196,conflict,Compare CUSTOM_LAW_001 with NON_EXISTENT_LAW_999 and explain which one controls.,BLOCK_CONFLICT_QUERY,,,BLOCK_CONFLICT_QUERY,Conflict-form query detected before retrieval.,CUSTOM_LAW_001,,,,,0.0,0,0.0129002146422863,True,False,False,False
CUSTOM_CASE_000197,supported,"Under CUSTOM_LAW_001, what does Example Public Law say about purpose, routing, or evidence?",ALLOW_WITH_EVIDENCE,CUSTOM_LAW_001,sha256:b57d17b24e7f202aef4ea322f1d057e41701cf004b68042c0f6ddbd271a2d4f7,ALLOW_WITH_EVIDENCE,Query routed to a matched CTHC corpus and salted domain hash.,CUSTOM_LAW_001,sha256:b57d17b24e7f202aef4ea322f1d057e41701cf004b68042c0f6ddbd271a2d4f7,CUSTOM_LAW_001::CHUNK_0001,CUSTOM_LAW_001,sha256:b57d17b24e7f202aef4ea322f1d057e41701cf004b68042c0f6ddbd271a2d4f7,0.3076923076923077,118,0.0871000811457634,True,False,False,False
CUSTOM_CASE_000198,unsupported,"Under NON_EXISTENT_LAW_999, what rule is described?",BLOCK_UNSUPPORTED_QUERY,,,BLOCK_UNSUPPORTED_QUERY,Corpus-like identifier is not present in the custom corpus.,,,,,,0.0,0,0.01190020702779293,True,False,False,False
CUSTOM_CASE_000199,ambiguous,What does the law say about evidence?,BLOCK_AMBIGUOUS_QUERY,,,BLOCK_AMBIGUOUS_QUERY,No stable custom corpus identifier found.,,,,,,0.0,0,0.015799887478351593,True,False,False,False
CUSTOM_CASE_000200,conflict,Compare CUSTOM_LAW_001 with NON_EXISTENT_LAW_999 and explain which one controls.,BLOCK_CONFLICT_QUERY,,,BLOCK_CONFLICT_QUERY,Conflict-form query detected before retrieval.,CUSTOM_LAW_001,,,,,0.0,0,0.01209997572004795,True,False,False,False
